<?xml version="1.0" encoding="UTF-8"?>
<!DOCTYPE mapper PUBLIC "-//mybatis.org//DTD Mapper 3.0//EN" "http://mybatis.org/dtd/mybatis-3-mapper.dtd">
<mapper namespace="com.xinda.cn.dao.mapper.BusinessOrderMapper">
  <resultMap id="BaseResultMap" type="com.xinda.cn.model.xinda.BusinessOrder">
    <id column="ID" jdbcType="VARCHAR" property="id" />
    <id column="STATUS" jdbcType="INTEGER" property="status" />
    <result column="BUSINESS_NO" jdbcType="VARCHAR" property="businessNo" />
    <result column="PRODUCT_ID" jdbcType="VARCHAR" property="productId" />
    <result column="ORDER_INFO" jdbcType="VARCHAR" property="orderInfo" />
    <result column="UNIT_PRICE" jdbcType="INTEGER" property="unitPrice" />
    <result column="BUY_NUM" jdbcType="INTEGER" property="buyNum" />
    <result column="TOTAL_PRICE" jdbcType="INTEGER" property="totalPrice" />
    <result column="PAY_TYPE" jdbcType="INTEGER" property="payType" />
    <result column="E_ID" jdbcType="VARCHAR" property="eId" />
    <result column="CREATE_TIME" jdbcType="DATE" property="createTime" />
  </resultMap>
  <sql id="Example_Where_Clause">
    <where>
      <foreach collection="oredCriteria" item="criteria" separator="or">
        <if test="criteria.valid">
          <trim prefix="(" prefixOverrides="and" suffix=")">
            <foreach collection="criteria.criteria" item="criterion">
              <choose>
                <when test="criterion.noValue">
                  and ${criterion.condition}
                </when>
                <when test="criterion.singleValue">
                  and ${criterion.condition} #{criterion.value}
                </when>
                <when test="criterion.betweenValue">
                  and ${criterion.condition} #{criterion.value} and #{criterion.secondValue}
                </when>
                <when test="criterion.listValue">
                  and ${criterion.condition}
                  <foreach close=")" collection="criterion.value" item="listItem" open="(" separator=",">
                    #{listItem}
                  </foreach>
                </when>
              </choose>
            </foreach>
          </trim>
        </if>
      </foreach>
    </where>
  </sql>
  <!--  电子商务订单显示-->
      <select id="showEOrder"  parameterType="map"   resultType="com.xinda.cn.vo.EOrder">
           select  business_no,sname,NAME,unit_price,buy_num,total_price,pay_type,create_time,b.status
	from business_order b,product p,provider p2
	 where b.product_id=p.id AND p.code=p2.id
    <if test="example.orderByClause != null">
      order by #{example.orderByClause}
    </if>
     <if test="example.pageStart>=0">
	limit #{example.pageStart},#{example.pageSize}	
    </if>
  </select>
  <!--======================开始============================  -->
  <select id="selectOperByno"  parameterType="com.xinda.cn.model.xinda.BusinessOrderExample"   resultMap="BaseResultMap">
      select BUSINESS_NO,PRODUCT_ID,ORDER_INFO,UNIT_PRICE,CREATE_TIME
    from business_order
    <if test="no!=null and no !=''">
    		where  BUSINESS_NO like concat('%',${no},'%')
    </if>
    <if test="orderByClause != null">
      order by ${orderByClause}
    </if>
     <if test="pageStart>=0">
	limit ${pageStart},${pageSize}	
    </if>
  </select> 
     <select id="searchCount"  parameterType="map"  resultType="java.lang.Long">
    select count(*) from business_order
    <if test="no!=null and no !=''">
    		where BUSINESS_NO like concat('%',${no},'%')
    </if>
  </select>
  
  <!--======================结束============================  -->
  <sql id="Update_By_Example_Where_Clause">
    <where>
      <foreach collection="example.oredCriteria" item="criteria" separator="or">
        <if test="criteria.valid">
          <trim prefix="(" prefixOverrides="and" suffix=")">
            <foreach collection="criteria.criteria" item="criterion">
              <choose>
                <when test="criterion.noValue">
                  and ${criterion.condition}
                </when>
                <when test="criterion.singleValue">
                  and ${criterion.condition} #{criterion.value}
                </when>
                <when test="criterion.betweenValue">
                  and ${criterion.condition} #{criterion.value} and #{criterion.secondValue}
                </when>
                <when test="criterion.listValue">
                  and ${criterion.condition}
                  <foreach close=")" collection="criterion.value" item="listItem" open="(" separator=",">
                    #{listItem}
                  </foreach>
                </when>
              </choose>
            </foreach>
          </trim>
        </if>
      </foreach>
    </where>
  </sql>
  <sql id="Base_Column_List">
    ID, STATUS, BUSINESS_NO, PRODUCT_ID, ORDER_INFO, UNIT_PRICE, BUY_NUM, TOTAL_PRICE, 
    PAY_TYPE, E_ID, CREATE_TIME
  </sql>
  <select id="selectByExample" parameterType="com.xinda.cn.model.xinda.BusinessOrderExample" resultMap="BaseResultMap">
    select
    <if test="distinct">
      distinct
    </if>
    <include refid="Base_Column_List" />
    from business_order
    <if test="_parameter != null">
      <include refid="Example_Where_Clause" />
    </if>
    <if test="orderByClause != null">
      order by ${orderByClause}
    </if>
  </select>
  <select id="selectByPrimaryKey" parameterType="com.xinda.cn.model.xinda.BusinessOrderKey" resultMap="BaseResultMap">
    select 
    <include refid="Base_Column_List" />
    from business_order
    where ID = #{id,jdbcType=VARCHAR}
      and STATUS = #{status,jdbcType=INTEGER}
  </select>
  <delete id="deleteByPrimaryKey" parameterType="com.xinda.cn.model.xinda.BusinessOrderKey">
    delete from business_order
    where ID = #{id,jdbcType=VARCHAR}
      and STATUS = #{status,jdbcType=INTEGER}
  </delete>
  <delete id="deleteByExample" parameterType="com.xinda.cn.model.xinda.BusinessOrderExample">
    delete from business_order
    <if test="_parameter != null">
      <include refid="Example_Where_Clause" />
    </if>
  </delete>
  <insert id="insert" parameterType="com.xinda.cn.model.xinda.BusinessOrder">
    insert into business_order (ID, STATUS, BUSINESS_NO, 
      PRODUCT_ID, ORDER_INFO, UNIT_PRICE, 
      BUY_NUM, TOTAL_PRICE, PAY_TYPE, 
      E_ID, CREATE_TIME)
    values (#{id,jdbcType=VARCHAR}, #{status,jdbcType=INTEGER}, #{businessNo,jdbcType=VARCHAR}, 
      #{productId,jdbcType=VARCHAR}, #{orderInfo,jdbcType=VARCHAR}, #{unitPrice,jdbcType=INTEGER}, 
      #{buyNum,jdbcType=INTEGER}, #{totalPrice,jdbcType=INTEGER}, #{payType,jdbcType=INTEGER}, 
      #{eId,jdbcType=VARCHAR}, #{createTime,jdbcType=DATE})
  </insert>
  <insert id="insertSelective" parameterType="com.xinda.cn.model.xinda.BusinessOrder">
    insert into business_order
    <trim prefix="(" suffix=")" suffixOverrides=",">
      <if test="id != null">
        ID,
      </if>
      <if test="status != null">
        STATUS,
      </if>
      <if test="businessNo != null">
        BUSINESS_NO,
      </if>
      <if test="productId != null">
        PRODUCT_ID,
      </if>
      <if test="orderInfo != null">
        ORDER_INFO,
      </if>
      <if test="unitPrice != null">
        UNIT_PRICE,
      </if>
      <if test="buyNum != null">
        BUY_NUM,
      </if>
      <if test="totalPrice != null">
        TOTAL_PRICE,
      </if>
      <if test="payType != null">
        PAY_TYPE,
      </if>
      <if test="eId != null">
        E_ID,
      </if>
      <if test="createTime != null">
        CREATE_TIME,
      </if>
    </trim>
    <trim prefix="values (" suffix=")" suffixOverrides=",">
      <if test="id != null">
        #{id,jdbcType=VARCHAR},
      </if>
      <if test="status != null">
        #{status,jdbcType=INTEGER},
      </if>
      <if test="businessNo != null">
        #{businessNo,jdbcType=VARCHAR},
      </if>
      <if test="productId != null">
        #{productId,jdbcType=VARCHAR},
      </if>
      <if test="orderInfo != null">
        #{orderInfo,jdbcType=VARCHAR},
      </if>
      <if test="unitPrice != null">
        #{unitPrice,jdbcType=INTEGER},
      </if>
      <if test="buyNum != null">
        #{buyNum,jdbcType=INTEGER},
      </if>
      <if test="totalPrice != null">
        #{totalPrice,jdbcType=INTEGER},
      </if>
      <if test="payType != null">
        #{payType,jdbcType=INTEGER},
      </if>
      <if test="eId != null">
        #{eId,jdbcType=VARCHAR},
      </if>
      <if test="createTime != null">
        #{createTime,jdbcType=DATE},
      </if>
    </trim>
  </insert>
  <select id="countByExample" parameterType="com.xinda.cn.model.xinda.BusinessOrderExample" resultType="java.lang.Long">
    select count(*) from business_order
    <if test="_parameter != null">
      <include refid="Example_Where_Clause" />
    </if>
  </select>
  <update id="updateByExampleSelective" parameterType="map">
    update business_order
    <set>
      <if test="record.id != null">
        ID = #{record.id,jdbcType=VARCHAR},
      </if>
      <if test="record.status != null">
        STATUS = #{record.status,jdbcType=INTEGER},
      </if>
      <if test="record.businessNo != null">
        BUSINESS_NO = #{record.businessNo,jdbcType=VARCHAR},
      </if>
      <if test="record.productId != null">
        PRODUCT_ID = #{record.productId,jdbcType=VARCHAR},
      </if>
      <if test="record.orderInfo != null">
        ORDER_INFO = #{record.orderInfo,jdbcType=VARCHAR},
      </if>
      <if test="record.unitPrice != null">
        UNIT_PRICE = #{record.unitPrice,jdbcType=INTEGER},
      </if>
      <if test="record.buyNum != null">
        BUY_NUM = #{record.buyNum,jdbcType=INTEGER},
      </if>
      <if test="record.totalPrice != null">
        TOTAL_PRICE = #{record.totalPrice,jdbcType=INTEGER},
      </if>
      <if test="record.payType != null">
        PAY_TYPE = #{record.payType,jdbcType=INTEGER},
      </if>
      <if test="record.eId != null">
        E_ID = #{record.eId,jdbcType=VARCHAR},
      </if>
      <if test="record.createTime != null">
        CREATE_TIME = #{record.createTime,jdbcType=DATE},
      </if>
    </set>
    <if test="_parameter != null">
      <include refid="Update_By_Example_Where_Clause" />
    </if>
  </update>
  <update id="updateByExample" parameterType="map">
    update business_order
    set ID = #{record.id,jdbcType=VARCHAR},
      STATUS = #{record.status,jdbcType=INTEGER},
      BUSINESS_NO = #{record.businessNo,jdbcType=VARCHAR},
      PRODUCT_ID = #{record.productId,jdbcType=VARCHAR},
      ORDER_INFO = #{record.orderInfo,jdbcType=VARCHAR},
      UNIT_PRICE = #{record.unitPrice,jdbcType=INTEGER},
      BUY_NUM = #{record.buyNum,jdbcType=INTEGER},
      TOTAL_PRICE = #{record.totalPrice,jdbcType=INTEGER},
      PAY_TYPE = #{record.payType,jdbcType=INTEGER},
      E_ID = #{record.eId,jdbcType=VARCHAR},
      CREATE_TIME = #{record.createTime,jdbcType=DATE}
    <if test="_parameter != null">
      <include refid="Update_By_Example_Where_Clause" />
    </if>
  </update>
  <update id="updateByPrimaryKeySelective" parameterType="com.xinda.cn.model.xinda.BusinessOrder">
    update business_order
    <set>
      <if test="businessNo != null">
        BUSINESS_NO = #{businessNo,jdbcType=VARCHAR},
      </if>
      <if test="productId != null">
        PRODUCT_ID = #{productId,jdbcType=VARCHAR},
      </if>
      <if test="orderInfo != null">
        ORDER_INFO = #{orderInfo,jdbcType=VARCHAR},
      </if>
      <if test="unitPrice != null">
        UNIT_PRICE = #{unitPrice,jdbcType=INTEGER},
      </if>
      <if test="buyNum != null">
        BUY_NUM = #{buyNum,jdbcType=INTEGER},
      </if>
      <if test="totalPrice != null">
        TOTAL_PRICE = #{totalPrice,jdbcType=INTEGER},
      </if>
      <if test="payType != null">
        PAY_TYPE = #{payType,jdbcType=INTEGER},
      </if>
      <if test="eId != null">
        E_ID = #{eId,jdbcType=VARCHAR},
      </if>
      <if test="createTime != null">
        CREATE_TIME = #{createTime,jdbcType=DATE},
      </if>
    </set>
    where ID = #{id,jdbcType=VARCHAR}
      and STATUS = #{status,jdbcType=INTEGER}
  </update>
  <update id="updateByPrimaryKey" parameterType="com.xinda.cn.model.xinda.BusinessOrder">
    update business_order
    set BUSINESS_NO = #{businessNo,jdbcType=VARCHAR},
      PRODUCT_ID = #{productId,jdbcType=VARCHAR},
      ORDER_INFO = #{orderInfo,jdbcType=VARCHAR},
      UNIT_PRICE = #{unitPrice,jdbcType=INTEGER},
      BUY_NUM = #{buyNum,jdbcType=INTEGER},
      TOTAL_PRICE = #{totalPrice,jdbcType=INTEGER},
      PAY_TYPE = #{payType,jdbcType=INTEGER},
      E_ID = #{eId,jdbcType=VARCHAR},
      CREATE_TIME = #{createTime,jdbcType=DATE}
    where ID = #{id,jdbcType=VARCHAR}
      and STATUS = #{status,jdbcType=INTEGER}
  </update>
</mapper>