<?xml version="1.0" encoding="UTF-8"?>
<!DOCTYPE mapper PUBLIC "-//mybatis.org//DTD Mapper 3.0//EN" "http://mybatis.org/dtd/mybatis-3-mapper.dtd">
<mapper namespace="com.xinda.cn.dao.mapper.ServiceOrderMapper">
  <resultMap id="BaseResultMap" type="com.xinda.cn.model.xinda.ServiceOrder">
    <id column="ID" jdbcType="VARCHAR" property="id" />
    <result column="SERVICE_NO" jdbcType="VARCHAR" property="serviceNo" />
    <result column="ORDER_ID" jdbcType="VARCHAR" property="orderId" />
    <result column="E_ID" jdbcType="VARCHAR" property="eId" />
    <result column="PRODUCT_ID" jdbcType="VARCHAR" property="productId" />
    <result column="SERVICE_ID" jdbcType="VARCHAR" property="serviceId" />
    <result column="SERVICE_NAME" jdbcType="VARCHAR" property="serviceName" />
    <result column="SERVICE_INFO" jdbcType="VARCHAR" property="serviceInfo" />
    <result column="UNIT_PRICE" jdbcType="INTEGER" property="unitPrice" />
    <result column="BUY_NUM" jdbcType="INTEGER" property="buyNum" />
    <result column="TOTAL_PRICE" jdbcType="INTEGER" property="totalPrice" />
    <result column="STATUS" jdbcType="INTEGER" property="status" />
    <result column="CREATE_TIME" jdbcType="DATE" property="createTime" />
    <result column="SERVICE_REQUEST" jdbcType="VARCHAR" property="serviceRequest" />
    <result column="PROVIDER_ID" jdbcType="VARCHAR" property="providerId" />
    <result column="UNIT" jdbcType="VARCHAR" property="unit" />
  </resultMap>
  <sql id="Example_Where_Clause">
    <where>
      <foreach collection="oredCriteria" item="criteria" separator="or">
        <if test="criteria.valid">
          <trim prefix="(" prefixOverrides="and" suffix=")">
            <foreach collection="criteria.criteria" item="criterion">
              <choose>
                <when test="criterion.noValue">
                  and ${criterion.condition}
                </when>
                <when test="criterion.singleValue">
                  and ${criterion.condition} #{criterion.value}
                </when>
                <when test="criterion.betweenValue">
                  and ${criterion.condition} #{criterion.value} and #{criterion.secondValue}
                </when>
                <when test="criterion.listValue">
                  and ${criterion.condition}
                  <foreach close=")" collection="criterion.value" item="listItem" open="(" separator=",">
                    #{listItem}
                  </foreach>
                </when>
              </choose>
            </foreach>
          </trim>
        </if>
      </foreach>
    </where>
  </sql>
  <sql id="Update_By_Example_Where_Clause">
    <where>
      <foreach collection="example.oredCriteria" item="criteria" separator="or">
        <if test="criteria.valid">
          <trim prefix="(" prefixOverrides="and" suffix=")">
            <foreach collection="criteria.criteria" item="criterion">
              <choose>
                <when test="criterion.noValue">
                  and ${criterion.condition}
                </when>
                <when test="criterion.singleValue">
                  and ${criterion.condition} #{criterion.value}
                </when>
                <when test="criterion.betweenValue">
                  and ${criterion.condition} #{criterion.value} and #{criterion.secondValue}
                </when>
                <when test="criterion.listValue">
                  and ${criterion.condition}
                  <foreach close=")" collection="criterion.value" item="listItem" open="(" separator=",">
                    #{listItem}
                  </foreach>
                </when>
              </choose>
            </foreach>
          </trim>
        </if>
      </foreach>
    </where>
  </sql>
  <!-- =========================开始（服务商模块）============================= -->

	<!-- 1.以service-name为条件的模糊查询的总记录数   parameterType="map" 也行-->
	<select id="getCount" parameterType="com.xinda.cn.model.xinda.ServiceOrderExample" 
		resultType="java.lang.Integer">
		select count(*) from service_order
		<if test="service_name!=null and service_name!=''">
			where service_name like concat('%',#{service_name},'%')
		</if>
	</select>
	<!-- 2.模糊查询按服务商名字 -->
	<select id="selectByName"  parameterType="map"  resultType="com.xinda.cn.vo.SOrder">
		 SELECT SERVICE_NO,SERVICE_NAME,NAME,CELLPHONE,BUY_NUM, TOTAL_PRICE, CREATE_TIME
         FROM service_order,e_user
         WHERE E_ID =e_user.ID 
		<if test="example.service_name!=null and example.service_name!=''">
			and service_name like concat('%',#{service_name},'%')<!--跟ServiceOrderExample 对应 -->
		</if>
		<if test="example.pageStart>=0">
			limit #{example.pageStart},#{example.pageSize}
		</if>
		<if test="example.orderByClause!=null">
			order by #{example.orderbyClause}
		</if>
	</select>
  <!-- ==========================结束============================ -->
  
  <sql id="Base_Column_List">
    ID, SERVICE_NO, ORDER_ID, E_ID, PRODUCT_ID, SERVICE_ID, SERVICE_NAME, SERVICE_INFO, 
    UNIT_PRICE, BUY_NUM, TOTAL_PRICE, STATUS, CREATE_TIME, SERVICE_REQUEST, PROVIDER_ID, 
    UNIT
  </sql>
  <select id="selectByExample" parameterType="com.xinda.cn.model.xinda.ServiceOrderExample" resultMap="BaseResultMap">
    select
    <if test="distinct">
      distinct
    </if>
    <include refid="Base_Column_List" />
    from service_order
    <if test="_parameter != null">
      <include refid="Example_Where_Clause" />
    </if>
    <if test="orderByClause != null">
      order by ${orderByClause}
    </if>
  </select>
  <select id="selectByPrimaryKey" parameterType="java.lang.String" resultMap="BaseResultMap">
    select 
    <include refid="Base_Column_List" />
    from service_order
    where ID = #{id,jdbcType=VARCHAR}
  </select>
  <delete id="deleteByPrimaryKey" parameterType="java.lang.String">
    delete from service_order
    where ID = #{id,jdbcType=VARCHAR}
  </delete>
  <delete id="deleteByExample" parameterType="com.xinda.cn.model.xinda.ServiceOrderExample">
    delete from service_order
    <if test="_parameter != null">
      <include refid="Example_Where_Clause" />
    </if>
  </delete>
  <insert id="insert" parameterType="com.xinda.cn.model.xinda.ServiceOrder">
    insert into service_order (ID, SERVICE_NO, ORDER_ID, 
      E_ID, PRODUCT_ID, SERVICE_ID, 
      SERVICE_NAME, SERVICE_INFO, UNIT_PRICE, 
      BUY_NUM, TOTAL_PRICE, STATUS, 
      CREATE_TIME, SERVICE_REQUEST, PROVIDER_ID, 
      UNIT)
    values (#{id,jdbcType=VARCHAR}, #{serviceNo,jdbcType=VARCHAR}, #{orderId,jdbcType=VARCHAR}, 
      #{eId,jdbcType=VARCHAR}, #{productId,jdbcType=VARCHAR}, #{serviceId,jdbcType=VARCHAR}, 
      #{serviceName,jdbcType=VARCHAR}, #{serviceInfo,jdbcType=VARCHAR}, #{unitPrice,jdbcType=INTEGER}, 
      #{buyNum,jdbcType=INTEGER}, #{totalPrice,jdbcType=INTEGER}, #{status,jdbcType=INTEGER}, 
      #{createTime,jdbcType=DATE}, #{serviceRequest,jdbcType=VARCHAR}, #{providerId,jdbcType=VARCHAR}, 
      #{unit,jdbcType=VARCHAR})
  </insert>
  <insert id="insertSelective" parameterType="com.xinda.cn.model.xinda.ServiceOrder">
    insert into service_order
    <trim prefix="(" suffix=")" suffixOverrides=",">
      <if test="id != null">
        ID,
      </if>
      <if test="serviceNo != null">
        SERVICE_NO,
      </if>
      <if test="orderId != null">
        ORDER_ID,
      </if>
      <if test="eId != null">
        E_ID,
      </if>
      <if test="productId != null">
        PRODUCT_ID,
      </if>
      <if test="serviceId != null">
        SERVICE_ID,
      </if>
      <if test="serviceName != null">
        SERVICE_NAME,
      </if>
      <if test="serviceInfo != null">
        SERVICE_INFO,
      </if>
      <if test="unitPrice != null">
        UNIT_PRICE,
      </if>
      <if test="buyNum != null">
        BUY_NUM,
      </if>
      <if test="totalPrice != null">
        TOTAL_PRICE,
      </if>
      <if test="status != null">
        STATUS,
      </if>
      <if test="createTime != null">
        CREATE_TIME,
      </if>
      <if test="serviceRequest != null">
        SERVICE_REQUEST,
      </if>
      <if test="providerId != null">
        PROVIDER_ID,
      </if>
      <if test="unit != null">
        UNIT,
      </if>
    </trim>
    <trim prefix="values (" suffix=")" suffixOverrides=",">
      <if test="id != null">
        #{id,jdbcType=VARCHAR},
      </if>
      <if test="serviceNo != null">
        #{serviceNo,jdbcType=VARCHAR},
      </if>
      <if test="orderId != null">
        #{orderId,jdbcType=VARCHAR},
      </if>
      <if test="eId != null">
        #{eId,jdbcType=VARCHAR},
      </if>
      <if test="productId != null">
        #{productId,jdbcType=VARCHAR},
      </if>
      <if test="serviceId != null">
        #{serviceId,jdbcType=VARCHAR},
      </if>
      <if test="serviceName != null">
        #{serviceName,jdbcType=VARCHAR},
      </if>
      <if test="serviceInfo != null">
        #{serviceInfo,jdbcType=VARCHAR},
      </if>
      <if test="unitPrice != null">
        #{unitPrice,jdbcType=INTEGER},
      </if>
      <if test="buyNum != null">
        #{buyNum,jdbcType=INTEGER},
      </if>
      <if test="totalPrice != null">
        #{totalPrice,jdbcType=INTEGER},
      </if>
      <if test="status != null">
        #{status,jdbcType=INTEGER},
      </if>
      <if test="createTime != null">
        #{createTime,jdbcType=DATE},
      </if>
      <if test="serviceRequest != null">
        #{serviceRequest,jdbcType=VARCHAR},
      </if>
      <if test="providerId != null">
        #{providerId,jdbcType=VARCHAR},
      </if>
      <if test="unit != null">
        #{unit,jdbcType=VARCHAR},
      </if>
    </trim>
  </insert>
  <select id="countByExample" parameterType="com.xinda.cn.model.xinda.ServiceOrderExample" resultType="java.lang.Long">
    select count(*) from service_order
    <if test="_parameter != null">
      <include refid="Example_Where_Clause" />
    </if>
  </select>
  <update id="updateByExampleSelective" parameterType="map">
    update service_order
    <set>
      <if test="record.id != null">
        ID = #{record.id,jdbcType=VARCHAR},
      </if>
      <if test="record.serviceNo != null">
        SERVICE_NO = #{record.serviceNo,jdbcType=VARCHAR},
      </if>
      <if test="record.orderId != null">
        ORDER_ID = #{record.orderId,jdbcType=VARCHAR},
      </if>
      <if test="record.eId != null">
        E_ID = #{record.eId,jdbcType=VARCHAR},
      </if>
      <if test="record.productId != null">
        PRODUCT_ID = #{record.productId,jdbcType=VARCHAR},
      </if>
      <if test="record.serviceId != null">
        SERVICE_ID = #{record.serviceId,jdbcType=VARCHAR},
      </if>
      <if test="record.serviceName != null">
        SERVICE_NAME = #{record.serviceName,jdbcType=VARCHAR},
      </if>
      <if test="record.serviceInfo != null">
        SERVICE_INFO = #{record.serviceInfo,jdbcType=VARCHAR},
      </if>
      <if test="record.unitPrice != null">
        UNIT_PRICE = #{record.unitPrice,jdbcType=INTEGER},
      </if>
      <if test="record.buyNum != null">
        BUY_NUM = #{record.buyNum,jdbcType=INTEGER},
      </if>
      <if test="record.totalPrice != null">
        TOTAL_PRICE = #{record.totalPrice,jdbcType=INTEGER},
      </if>
      <if test="record.status != null">
        STATUS = #{record.status,jdbcType=INTEGER},
      </if>
      <if test="record.createTime != null">
        CREATE_TIME = #{record.createTime,jdbcType=DATE},
      </if>
      <if test="record.serviceRequest != null">
        SERVICE_REQUEST = #{record.serviceRequest,jdbcType=VARCHAR},
      </if>
      <if test="record.providerId != null">
        PROVIDER_ID = #{record.providerId,jdbcType=VARCHAR},
      </if>
      <if test="record.unit != null">
        UNIT = #{record.unit,jdbcType=VARCHAR},
      </if>
    </set>
    <if test="_parameter != null">
      <include refid="Update_By_Example_Where_Clause" />
    </if>
  </update>
  <update id="updateByExample" parameterType="map">
    update service_order
    set ID = #{record.id,jdbcType=VARCHAR},
      SERVICE_NO = #{record.serviceNo,jdbcType=VARCHAR},
      ORDER_ID = #{record.orderId,jdbcType=VARCHAR},
      E_ID = #{record.eId,jdbcType=VARCHAR},
      PRODUCT_ID = #{record.productId,jdbcType=VARCHAR},
      SERVICE_ID = #{record.serviceId,jdbcType=VARCHAR},
      SERVICE_NAME = #{record.serviceName,jdbcType=VARCHAR},
      SERVICE_INFO = #{record.serviceInfo,jdbcType=VARCHAR},
      UNIT_PRICE = #{record.unitPrice,jdbcType=INTEGER},
      BUY_NUM = #{record.buyNum,jdbcType=INTEGER},
      TOTAL_PRICE = #{record.totalPrice,jdbcType=INTEGER},
      STATUS = #{record.status,jdbcType=INTEGER},
      CREATE_TIME = #{record.createTime,jdbcType=DATE},
      SERVICE_REQUEST = #{record.serviceRequest,jdbcType=VARCHAR},
      PROVIDER_ID = #{record.providerId,jdbcType=VARCHAR},
      UNIT = #{record.unit,jdbcType=VARCHAR}
    <if test="_parameter != null">
      <include refid="Update_By_Example_Where_Clause" />
    </if>
  </update>
  <update id="updateByPrimaryKeySelective" parameterType="com.xinda.cn.model.xinda.ServiceOrder">
    update service_order
    <set>
      <if test="serviceNo != null">
        SERVICE_NO = #{serviceNo,jdbcType=VARCHAR},
      </if>
      <if test="orderId != null">
        ORDER_ID = #{orderId,jdbcType=VARCHAR},
      </if>
      <if test="eId != null">
        E_ID = #{eId,jdbcType=VARCHAR},
      </if>
      <if test="productId != null">
        PRODUCT_ID = #{productId,jdbcType=VARCHAR},
      </if>
      <if test="serviceId != null">
        SERVICE_ID = #{serviceId,jdbcType=VARCHAR},
      </if>
      <if test="serviceName != null">
        SERVICE_NAME = #{serviceName,jdbcType=VARCHAR},
      </if>
      <if test="serviceInfo != null">
        SERVICE_INFO = #{serviceInfo,jdbcType=VARCHAR},
      </if>
      <if test="unitPrice != null">
        UNIT_PRICE = #{unitPrice,jdbcType=INTEGER},
      </if>
      <if test="buyNum != null">
        BUY_NUM = #{buyNum,jdbcType=INTEGER},
      </if>
      <if test="totalPrice != null">
        TOTAL_PRICE = #{totalPrice,jdbcType=INTEGER},
      </if>
      <if test="status != null">
        STATUS = #{status,jdbcType=INTEGER},
      </if>
      <if test="createTime != null">
        CREATE_TIME = #{createTime,jdbcType=DATE},
      </if>
      <if test="serviceRequest != null">
        SERVICE_REQUEST = #{serviceRequest,jdbcType=VARCHAR},
      </if>
      <if test="providerId != null">
        PROVIDER_ID = #{providerId,jdbcType=VARCHAR},
      </if>
      <if test="unit != null">
        UNIT = #{unit,jdbcType=VARCHAR},
      </if>
    </set>
    where ID = #{id,jdbcType=VARCHAR}
  </update>
  <update id="updateByPrimaryKey" parameterType="com.xinda.cn.model.xinda.ServiceOrder">
    update service_order
    set SERVICE_NO = #{serviceNo,jdbcType=VARCHAR},
      ORDER_ID = #{orderId,jdbcType=VARCHAR},
      E_ID = #{eId,jdbcType=VARCHAR},
      PRODUCT_ID = #{productId,jdbcType=VARCHAR},
      SERVICE_ID = #{serviceId,jdbcType=VARCHAR},
      SERVICE_NAME = #{serviceName,jdbcType=VARCHAR},
      SERVICE_INFO = #{serviceInfo,jdbcType=VARCHAR},
      UNIT_PRICE = #{unitPrice,jdbcType=INTEGER},
      BUY_NUM = #{buyNum,jdbcType=INTEGER},
      TOTAL_PRICE = #{totalPrice,jdbcType=INTEGER},
      STATUS = #{status,jdbcType=INTEGER},
      CREATE_TIME = #{createTime,jdbcType=DATE},
      SERVICE_REQUEST = #{serviceRequest,jdbcType=VARCHAR},
      PROVIDER_ID = #{providerId,jdbcType=VARCHAR},
      UNIT = #{unit,jdbcType=VARCHAR}
    where ID = #{id,jdbcType=VARCHAR}
  </update>
</mapper>