<?xml version="1.0" encoding="UTF-8"?>
<!DOCTYPE mapper PUBLIC "-//mybatis.org//DTD Mapper 3.0//EN" "http://mybatis.org/dtd/mybatis-3-mapper.dtd">
<mapper namespace="com.xinda.cn.dao.mapper.SysuserMapper">
  <resultMap id="BaseResultMap" type="com.xinda.cn.model.xinda.Sysuser">
    <id column="ID" jdbcType="VARCHAR" property="id" />
    <result column="USER_NAME" jdbcType="VARCHAR" property="userName" />
    <result column="LOGIN_ID" jdbcType="VARCHAR" property="loginId" />
    <result column="PASSWORD" jdbcType="VARCHAR" property="password" />
    <result column="EMAIL" jdbcType="VARCHAR" property="email" />
    <result column="CELLPHONE" jdbcType="VARCHAR" property="cellphone" />
    <result column="STATUS" jdbcType="INTEGER" property="status" />
    <result column="REGISTER_TIME" jdbcType="DATE" property="registerTime" />
  </resultMap>
  <resultMap extends="BaseResultMap" id="ResultMapWithBLOBs" type="com.xinda.cn.model.xinda.Sysuser">
    <result column="HEAD_IMG" jdbcType="LONGVARBINARY" property="headImg" />
  </resultMap>
  <sql id="Example_Where_Clause">
    <where>
      <foreach collection="oredCriteria" item="criteria" separator="or">
        <if test="criteria.valid">
          <trim prefix="(" prefixOverrides="and" suffix=")">
            <foreach collection="criteria.criteria" item="criterion">
              <choose>
                <when test="criterion.noValue">
                  and ${criterion.condition}
                </when>
                <when test="criterion.singleValue">
                  and ${criterion.condition} #{criterion.value}
                </when>
                <when test="criterion.betweenValue">
                  and ${criterion.condition} #{criterion.value} and #{criterion.secondValue}
                </when>
                <when test="criterion.listValue">
                  and ${criterion.condition}
                  <foreach close=")" collection="criterion.value" item="listItem" open="(" separator=",">
                    #{listItem}
                  </foreach>
                </when>
              </choose>
            </foreach>
          </trim>
        </if>
      </foreach>
    </where>
  </sql>
  <sql id="Update_By_Example_Where_Clause">
    <where>
      <foreach collection="example.oredCriteria" item="criteria" separator="or">
        <if test="criteria.valid">
          <trim prefix="(" prefixOverrides="and" suffix=")">
            <foreach collection="criteria.criteria" item="criterion">
              <choose>
                <when test="criterion.noValue">
                  and ${criterion.condition}
                </when>
                <when test="criterion.singleValue">
                  and ${criterion.condition} #{criterion.value}
                </when>
                <when test="criterion.betweenValue">
                  and ${criterion.condition} #{criterion.value} and #{criterion.secondValue}
                </when>
                <when test="criterion.listValue">
                  and ${criterion.condition}
                  <foreach close=")" collection="criterion.value" item="listItem" open="(" separator=",">
                    #{listItem}
                  </foreach>
                </when>
              </choose>
            </foreach>
          </trim>
        </if>
      </foreach>
    </where>
  </sql>
  <sql id="Base_Column_List">
    ID, USER_NAME, LOGIN_ID, PASSWORD, EMAIL, CELLPHONE, STATUS, REGISTER_TIME
  </sql>
  <sql id="Blob_Column_List">
    HEAD_IMG
  </sql>
  <select id="selectByExampleWithBLOBs" parameterType="com.xinda.cn.model.xinda.SysuserExample" resultMap="ResultMapWithBLOBs">
    select
    <if test="distinct">
      distinct
    </if>
    <include refid="Base_Column_List" />
    ,
    <include refid="Blob_Column_List" />
    from sysuser
    <if test="_parameter != null">
      <include refid="Example_Where_Clause" />
    </if>
    <if test="orderByClause != null">
      order by ${orderByClause}
    </if>
  </select>
  <select id="selectByExample" parameterType="com.xinda.cn.model.xinda.SysuserExample" resultMap="BaseResultMap">
    select
    <if test="distinct">
      distinct
    </if>
    <include refid="Base_Column_List" />
    from sysuser
    <if test="_parameter != null">
      <include refid="Example_Where_Clause" />
    </if>
    <if test="orderByClause != null">
      order by ${orderByClause}
    </if>
  </select>
  <select id="selectByPrimaryKey" parameterType="java.lang.String" resultMap="ResultMapWithBLOBs">
    select 
    <include refid="Base_Column_List" />
    ,
    <include refid="Blob_Column_List" />
    from sysuser
    where ID = #{id,jdbcType=VARCHAR}
  </select>
  <delete id="deleteByPrimaryKey" parameterType="java.lang.String">
    delete from sysuser
    where ID = #{id,jdbcType=VARCHAR}
  </delete>
  <delete id="deleteByExample" parameterType="com.xinda.cn.model.xinda.SysuserExample">
    delete from sysuser
    <if test="_parameter != null">
      <include refid="Example_Where_Clause" />
    </if>
  </delete>
  <insert id="insert" parameterType="com.xinda.cn.model.xinda.Sysuser">
    insert into sysuser (ID, USER_NAME, LOGIN_ID, 
      PASSWORD, EMAIL, CELLPHONE, 
      STATUS, REGISTER_TIME, HEAD_IMG
      )
    values (#{id,jdbcType=VARCHAR}, #{userName,jdbcType=VARCHAR}, #{loginId,jdbcType=VARCHAR}, 
      #{password,jdbcType=VARCHAR}, #{email,jdbcType=VARCHAR}, #{cellphone,jdbcType=VARCHAR}, 
      #{status,jdbcType=INTEGER}, #{registerTime,jdbcType=DATE}, #{headImg,jdbcType=LONGVARBINARY}
      )
  </insert>
  <insert id="insertSelective" parameterType="com.xinda.cn.model.xinda.Sysuser">
    insert into sysuser
    <trim prefix="(" suffix=")" suffixOverrides=",">
      <if test="id != null">
        ID,
      </if>
      <if test="userName != null">
        USER_NAME,
      </if>
      <if test="loginId != null">
        LOGIN_ID,
      </if>
      <if test="password != null">
        PASSWORD,
      </if>
      <if test="email != null">
        EMAIL,
      </if>
      <if test="cellphone != null">
        CELLPHONE,
      </if>
      <if test="status != null">
        STATUS,
      </if>
      <if test="registerTime != null">
        REGISTER_TIME,
      </if>
      <if test="headImg != null">
        HEAD_IMG,
      </if>
    </trim>
    <trim prefix="values (" suffix=")" suffixOverrides=",">
      <if test="id != null">
        #{id,jdbcType=VARCHAR},
      </if>
      <if test="userName != null">
        #{userName,jdbcType=VARCHAR},
      </if>
      <if test="loginId != null">
        #{loginId,jdbcType=VARCHAR},
      </if>
      <if test="password != null">
        #{password,jdbcType=VARCHAR},
      </if>
      <if test="email != null">
        #{email,jdbcType=VARCHAR},
      </if>
      <if test="cellphone != null">
        #{cellphone,jdbcType=VARCHAR},
      </if>
      <if test="status != null">
        #{status,jdbcType=INTEGER},
      </if>
      <if test="registerTime != null">
        #{registerTime,jdbcType=DATE},
      </if>
      <if test="headImg != null">
        #{headImg,jdbcType=LONGVARBINARY},
      </if>
    </trim>
  </insert>
  <select id="countByExample" parameterType="com.xinda.cn.model.xinda.SysuserExample" resultType="java.lang.Long">
    select count(*) from sysuser
    <if test="_parameter != null">
      <include refid="Example_Where_Clause" />
    </if>
  </select>
  <update id="updateByExampleSelective" parameterType="map">
    update sysuser
    <set>
      <if test="record.id != null">
        ID = #{record.id,jdbcType=VARCHAR},
      </if>
      <if test="record.userName != null">
        USER_NAME = #{record.userName,jdbcType=VARCHAR},
      </if>
      <if test="record.loginId != null">
        LOGIN_ID = #{record.loginId,jdbcType=VARCHAR},
      </if>
      <if test="record.password != null">
        PASSWORD = #{record.password,jdbcType=VARCHAR},
      </if>
      <if test="record.email != null">
        EMAIL = #{record.email,jdbcType=VARCHAR},
      </if>
      <if test="record.cellphone != null">
        CELLPHONE = #{record.cellphone,jdbcType=VARCHAR},
      </if>
      <if test="record.status != null">
        STATUS = #{record.status,jdbcType=INTEGER},
      </if>
      <if test="record.registerTime != null">
        REGISTER_TIME = #{record.registerTime,jdbcType=DATE},
      </if>
      <if test="record.headImg != null">
        HEAD_IMG = #{record.headImg,jdbcType=LONGVARBINARY},
      </if>
    </set>
    <if test="_parameter != null">
      <include refid="Update_By_Example_Where_Clause" />
    </if>
  </update>
  <update id="updateByExampleWithBLOBs" parameterType="map">
    update sysuser
    set ID = #{record.id,jdbcType=VARCHAR},
      USER_NAME = #{record.userName,jdbcType=VARCHAR},
      LOGIN_ID = #{record.loginId,jdbcType=VARCHAR},
      PASSWORD = #{record.password,jdbcType=VARCHAR},
      EMAIL = #{record.email,jdbcType=VARCHAR},
      CELLPHONE = #{record.cellphone,jdbcType=VARCHAR},
      STATUS = #{record.status,jdbcType=INTEGER},
      REGISTER_TIME = #{record.registerTime,jdbcType=DATE},
      HEAD_IMG = #{record.headImg,jdbcType=LONGVARBINARY}
    <if test="_parameter != null">
      <include refid="Update_By_Example_Where_Clause" />
    </if>
  </update>
 <!--  <update id="updateByExample" parameterType="map">
    update sysuser
    set ID = #{record.id,jdbcType=VARCHAR},
      USER_NAME = #{record.userName,jdbcType=VARCHAR},
      LOGIN_ID = #{record.loginId,jdbcType=VARCHAR},
      PASSWORD = #{record.password,jdbcType=VARCHAR},
      EMAIL = #{record.email,jdbcType=VARCHAR},
      CELLPHONE = #{record.cellphone,jdbcType=VARCHAR},
      STATUS = #{record.status,jdbcType=INTEGER},
      REGISTER_TIME = #{record.registerTime,jdbcType=DATE}
      
    <if test="_parameter != null">
      <include refid="Update_By_Example_Where_Clause" />
    </if>
  </update> -->
  
  
<!--   开始 -->
   <update id="updateByExample" parameterType="map">
    update sysuser
    set
      PASSWORD = #{record.password,jdbcType=VARCHAR}
    where
      CELLPHONE = #{record.cellphone,jdbcType=VARCHAR}
    <if test="_parameter != null">
      <include refid="Update_By_Example_Where_Clause" />
    </if>
  </update>
<!--   结束 -->


  <update id="updateByPrimaryKeySelective" parameterType="com.xinda.cn.model.xinda.Sysuser">
    update sysuser
    <set>
      <if test="userName != null">
        USER_NAME = #{userName,jdbcType=VARCHAR},
      </if>
      <if test="loginId != null">
        LOGIN_ID = #{loginId,jdbcType=VARCHAR},
      </if>
      <if test="password != null">
        PASSWORD = #{password,jdbcType=VARCHAR},
      </if>
      <if test="email != null">
        EMAIL = #{email,jdbcType=VARCHAR},
      </if>
      <if test="cellphone != null">
        CELLPHONE = #{cellphone,jdbcType=VARCHAR},
      </if>
      <if test="status != null">
        STATUS = #{status,jdbcType=INTEGER},
      </if>
      <if test="registerTime != null">
        REGISTER_TIME = #{registerTime,jdbcType=DATE},
      </if>
      <if test="headImg != null">
        HEAD_IMG = #{headImg,jdbcType=LONGVARBINARY},
      </if>
    </set>
    where ID = #{id,jdbcType=VARCHAR}
  </update>
  <update id="updateByPrimaryKeyWithBLOBs" parameterType="com.xinda.cn.model.xinda.Sysuser">
    update sysuser
    set USER_NAME = #{userName,jdbcType=VARCHAR},
      LOGIN_ID = #{loginId,jdbcType=VARCHAR},
      PASSWORD = #{password,jdbcType=VARCHAR},
      EMAIL = #{email,jdbcType=VARCHAR},
      CELLPHONE = #{cellphone,jdbcType=VARCHAR},
      STATUS = #{status,jdbcType=INTEGER},
      REGISTER_TIME = #{registerTime,jdbcType=DATE},
      HEAD_IMG = #{headImg,jdbcType=LONGVARBINARY}
    where ID = #{id,jdbcType=VARCHAR}
  </update>
  <update id="updateByPrimaryKey" parameterType="com.xinda.cn.model.xinda.Sysuser">
    update sysuser
    set USER_NAME = #{userName,jdbcType=VARCHAR},
      LOGIN_ID = #{loginId,jdbcType=VARCHAR},
      PASSWORD = #{password,jdbcType=VARCHAR},
      EMAIL = #{email,jdbcType=VARCHAR},
      CELLPHONE = #{cellphone,jdbcType=VARCHAR},
      STATUS = #{status,jdbcType=INTEGER},
      REGISTER_TIME = #{registerTime,jdbcType=DATE}
    where ID = #{id,jdbcType=VARCHAR}
  </update>
</mapper>