<?xml version="1.0" encoding="UTF-8"?>
<!DOCTYPE mapper PUBLIC "-//mybatis.org//DTD Mapper 3.0//EN" "http://mybatis.org/dtd/mybatis-3-mapper.dtd">
<mapper namespace="com.xinda.cn.dao.mapper.CartMapper">
  <resultMap id="BaseResultMap" type="com.xinda.cn.model.xinda.Cart">
    <id column="ID" jdbcType="VARCHAR" property="id" />
    <result column="E_ID" jdbcType="VARCHAR" property="eId" />
    <result column="PRODUCT_ID" jdbcType="VARCHAR" property="productId" />
    <result column="SERVICE_ID" jdbcType="VARCHAR" property="serviceId" />
    <result column="SERVICE_NAME" jdbcType="VARCHAR" property="serviceName" />
    <result column="SERVICE_INFO" jdbcType="VARCHAR" property="serviceInfo" />
    <result column="TOTAL_PRICE" jdbcType="INTEGER" property="totalPrice" />
    <result column="SERVICE_REQUESR" jdbcType="VARCHAR" property="serviceRequesr" />
    <result column="PROVIDER_ID" jdbcType="VARCHAR" property="providerId" />
    <result column="UNIT" jdbcType="VARCHAR" property="unit" />
  </resultMap>
  <sql id="Example_Where_Clause">
    <where>
      <foreach collection="oredCriteria" item="criteria" separator="or">
        <if test="criteria.valid">
          <trim prefix="(" prefixOverrides="and" suffix=")">
            <foreach collection="criteria.criteria" item="criterion">
              <choose>
                <when test="criterion.noValue">
                  and ${criterion.condition}
                </when>
                <when test="criterion.singleValue">
                  and ${criterion.condition} #{criterion.value}
                </when>
                <when test="criterion.betweenValue">
                  and ${criterion.condition} #{criterion.value} and #{criterion.secondValue}
                </when>
                <when test="criterion.listValue">
                  and ${criterion.condition}
                  <foreach close=")" collection="criterion.value" item="listItem" open="(" separator=",">
                    #{listItem}
                  </foreach>
                </when>
              </choose>
            </foreach>
          </trim>
        </if>
      </foreach>
    </where>
  </sql>
  <sql id="Update_By_Example_Where_Clause">
    <where>
      <foreach collection="example.oredCriteria" item="criteria" separator="or">
        <if test="criteria.valid">
          <trim prefix="(" prefixOverrides="and" suffix=")">
            <foreach collection="criteria.criteria" item="criterion">
              <choose>
                <when test="criterion.noValue">
                  and ${criterion.condition}
                </when>
                <when test="criterion.singleValue">
                  and ${criterion.condition} #{criterion.value}
                </when>
                <when test="criterion.betweenValue">
                  and ${criterion.condition} #{criterion.value} and #{criterion.secondValue}
                </when>
                <when test="criterion.listValue">
                  and ${criterion.condition}
                  <foreach close=")" collection="criterion.value" item="listItem" open="(" separator=",">
                    #{listItem}
                  </foreach>
                </when>
              </choose>
            </foreach>
          </trim>
        </if>
      </foreach>
    </where>
  </sql>
  <sql id="Base_Column_List">
    ID, E_ID, PRODUCT_ID, SERVICE_ID, SERVICE_NAME, SERVICE_INFO, TOTAL_PRICE, SERVICE_REQUESR, 
    PROVIDER_ID, UNIT
  </sql>
  <select id="selectByExample" parameterType="com.xinda.cn.model.xinda.CartExample" resultMap="BaseResultMap">
    select
    <if test="distinct">
      distinct
    </if>
    <include refid="Base_Column_List" />
    from cart
    <if test="_parameter != null">
      <include refid="Example_Where_Clause" />
    </if>
    <if test="orderByClause != null">
      order by ${orderByClause}
    </if>
  </select>
  <select id="selectByPrimaryKey" parameterType="java.lang.String" resultMap="BaseResultMap">
    select 
    <include refid="Base_Column_List" />
    from cart
    where ID = #{id,jdbcType=VARCHAR}
  </select>
  <delete id="deleteByPrimaryKey" parameterType="java.lang.String">
    delete from cart
    where ID = #{id,jdbcType=VARCHAR}
  </delete>
  <delete id="deleteByExample" parameterType="com.xinda.cn.model.xinda.CartExample">
    delete from cart
    <if test="_parameter != null">
      <include refid="Example_Where_Clause" />
    </if>
  </delete>
  <insert id="insert" parameterType="com.xinda.cn.model.xinda.Cart">
    insert into cart (ID, E_ID, PRODUCT_ID, 
      SERVICE_ID, SERVICE_NAME, SERVICE_INFO, 
      TOTAL_PRICE, SERVICE_REQUESR, PROVIDER_ID, 
      UNIT)
    values (#{id,jdbcType=VARCHAR}, #{eId,jdbcType=VARCHAR}, #{productId,jdbcType=VARCHAR}, 
      #{serviceId,jdbcType=VARCHAR}, #{serviceName,jdbcType=VARCHAR}, #{serviceInfo,jdbcType=VARCHAR}, 
      #{totalPrice,jdbcType=INTEGER}, #{serviceRequesr,jdbcType=VARCHAR}, #{providerId,jdbcType=VARCHAR}, 
      #{unit,jdbcType=VARCHAR})
  </insert>
  <insert id="insertSelective" parameterType="com.xinda.cn.model.xinda.Cart">
    insert into cart
    <trim prefix="(" suffix=")" suffixOverrides=",">
      <if test="id != null">
        ID,
      </if>
      <if test="eId != null">
        E_ID,
      </if>
      <if test="productId != null">
        PRODUCT_ID,
      </if>
      <if test="serviceId != null">
        SERVICE_ID,
      </if>
      <if test="serviceName != null">
        SERVICE_NAME,
      </if>
      <if test="serviceInfo != null">
        SERVICE_INFO,
      </if>
      <if test="totalPrice != null">
        TOTAL_PRICE,
      </if>
      <if test="serviceRequesr != null">
        SERVICE_REQUESR,
      </if>
      <if test="providerId != null">
        PROVIDER_ID,
      </if>
      <if test="unit != null">
        UNIT,
      </if>
    </trim>
    <trim prefix="values (" suffix=")" suffixOverrides=",">
      <if test="id != null">
        #{id,jdbcType=VARCHAR},
      </if>
      <if test="eId != null">
        #{eId,jdbcType=VARCHAR},
      </if>
      <if test="productId != null">
        #{productId,jdbcType=VARCHAR},
      </if>
      <if test="serviceId != null">
        #{serviceId,jdbcType=VARCHAR},
      </if>
      <if test="serviceName != null">
        #{serviceName,jdbcType=VARCHAR},
      </if>
      <if test="serviceInfo != null">
        #{serviceInfo,jdbcType=VARCHAR},
      </if>
      <if test="totalPrice != null">
        #{totalPrice,jdbcType=INTEGER},
      </if>
      <if test="serviceRequesr != null">
        #{serviceRequesr,jdbcType=VARCHAR},
      </if>
      <if test="providerId != null">
        #{providerId,jdbcType=VARCHAR},
      </if>
      <if test="unit != null">
        #{unit,jdbcType=VARCHAR},
      </if>
    </trim>
  </insert>
  <select id="countByExample" parameterType="com.xinda.cn.model.xinda.CartExample" resultType="java.lang.Long">
    select count(*) from cart
    <if test="_parameter != null">
      <include refid="Example_Where_Clause" />
    </if>
  </select>
  <update id="updateByExampleSelective" parameterType="map">
    update cart
    <set>
      <if test="record.id != null">
        ID = #{record.id,jdbcType=VARCHAR},
      </if>
      <if test="record.eId != null">
        E_ID = #{record.eId,jdbcType=VARCHAR},
      </if>
      <if test="record.productId != null">
        PRODUCT_ID = #{record.productId,jdbcType=VARCHAR},
      </if>
      <if test="record.serviceId != null">
        SERVICE_ID = #{record.serviceId,jdbcType=VARCHAR},
      </if>
      <if test="record.serviceName != null">
        SERVICE_NAME = #{record.serviceName,jdbcType=VARCHAR},
      </if>
      <if test="record.serviceInfo != null">
        SERVICE_INFO = #{record.serviceInfo,jdbcType=VARCHAR},
      </if>
      <if test="record.totalPrice != null">
        TOTAL_PRICE = #{record.totalPrice,jdbcType=INTEGER},
      </if>
      <if test="record.serviceRequesr != null">
        SERVICE_REQUESR = #{record.serviceRequesr,jdbcType=VARCHAR},
      </if>
      <if test="record.providerId != null">
        PROVIDER_ID = #{record.providerId,jdbcType=VARCHAR},
      </if>
      <if test="record.unit != null">
        UNIT = #{record.unit,jdbcType=VARCHAR},
      </if>
    </set>
    <if test="_parameter != null">
      <include refid="Update_By_Example_Where_Clause" />
    </if>
  </update>
  <update id="updateByExample" parameterType="map">
    update cart
    set ID = #{record.id,jdbcType=VARCHAR},
      E_ID = #{record.eId,jdbcType=VARCHAR},
      PRODUCT_ID = #{record.productId,jdbcType=VARCHAR},
      SERVICE_ID = #{record.serviceId,jdbcType=VARCHAR},
      SERVICE_NAME = #{record.serviceName,jdbcType=VARCHAR},
      SERVICE_INFO = #{record.serviceInfo,jdbcType=VARCHAR},
      TOTAL_PRICE = #{record.totalPrice,jdbcType=INTEGER},
      SERVICE_REQUESR = #{record.serviceRequesr,jdbcType=VARCHAR},
      PROVIDER_ID = #{record.providerId,jdbcType=VARCHAR},
      UNIT = #{record.unit,jdbcType=VARCHAR}
    <if test="_parameter != null">
      <include refid="Update_By_Example_Where_Clause" />
    </if>
  </update>
  <update id="updateByPrimaryKeySelective" parameterType="com.xinda.cn.model.xinda.Cart">
    update cart
    <set>
      <if test="eId != null">
        E_ID = #{eId,jdbcType=VARCHAR},
      </if>
      <if test="productId != null">
        PRODUCT_ID = #{productId,jdbcType=VARCHAR},
      </if>
      <if test="serviceId != null">
        SERVICE_ID = #{serviceId,jdbcType=VARCHAR},
      </if>
      <if test="serviceName != null">
        SERVICE_NAME = #{serviceName,jdbcType=VARCHAR},
      </if>
      <if test="serviceInfo != null">
        SERVICE_INFO = #{serviceInfo,jdbcType=VARCHAR},
      </if>
      <if test="totalPrice != null">
        TOTAL_PRICE = #{totalPrice,jdbcType=INTEGER},
      </if>
      <if test="serviceRequesr != null">
        SERVICE_REQUESR = #{serviceRequesr,jdbcType=VARCHAR},
      </if>
      <if test="providerId != null">
        PROVIDER_ID = #{providerId,jdbcType=VARCHAR},
      </if>
      <if test="unit != null">
        UNIT = #{unit,jdbcType=VARCHAR},
      </if>
    </set>
    where ID = #{id,jdbcType=VARCHAR}
  </update>
  <update id="updateByPrimaryKey" parameterType="com.xinda.cn.model.xinda.Cart">
    update cart
    set E_ID = #{eId,jdbcType=VARCHAR},
      PRODUCT_ID = #{productId,jdbcType=VARCHAR},
      SERVICE_ID = #{serviceId,jdbcType=VARCHAR},
      SERVICE_NAME = #{serviceName,jdbcType=VARCHAR},
      SERVICE_INFO = #{serviceInfo,jdbcType=VARCHAR},
      TOTAL_PRICE = #{totalPrice,jdbcType=INTEGER},
      SERVICE_REQUESR = #{serviceRequesr,jdbcType=VARCHAR},
      PROVIDER_ID = #{providerId,jdbcType=VARCHAR},
      UNIT = #{unit,jdbcType=VARCHAR}
    where ID = #{id,jdbcType=VARCHAR}
  </update>
</mapper>