<?xml version="1.0" encoding="UTF-8"?>
<!DOCTYPE mapper PUBLIC "-//mybatis.org//DTD Mapper 3.0//EN" "http://mybatis.org/dtd/mybatis-3-mapper.dtd">
<mapper namespace="com.xinda.cn.dao.mapper.EUserMapper">
  <resultMap id="BaseResultMap" type="com.xinda.cn.model.xinda.EUser">
    <id column="ID" jdbcType="VARCHAR" property="id" />
    <result column="LOGIN_ID" jdbcType="VARCHAR" property="loginId" />
    <result column="PASSWORD" jdbcType="VARCHAR" property="password" />
    <result column="NAME" jdbcType="VARCHAR" property="name" />
    <result column="Sex" jdbcType="INTEGER" property="sex" />
    <result column="CELLPHONE" jdbcType="VARCHAR" property="cellphone" />
    <result column="HEAD_IMG" jdbcType="VARCHAR" property="headImg" />
    <result column="REGISTER_TIME" jdbcType="DATE" property="registerTime" />
    <result column="EMAIL" jdbcType="VARCHAR" property="email" />
    <result column="STATUS" jdbcType="INTEGER" property="status" />
    <result column="LAST_LOGIN_TIME" jdbcType="DATE" property="lastLoginTime" />
    <result column="REGION_ID" jdbcType="VARCHAR" property="regionId" />
  </resultMap>
  <sql id="Example_Where_Clause">
    <where>
      <foreach collection="oredCriteria" item="criteria" separator="or">
        <if test="criteria.valid">
          <trim prefix="(" prefixOverrides="and" suffix=")">
            <foreach collection="criteria.criteria" item="criterion">
              <choose>
                <when test="criterion.noValue">
                  and ${criterion.condition}
                </when>
                <when test="criterion.singleValue">
                  and ${criterion.condition} #{criterion.value}
                </when>
                <when test="criterion.betweenValue">
                  and ${criterion.condition} #{criterion.value} and #{criterion.secondValue}
                </when>
                <when test="criterion.listValue">
                  and ${criterion.condition}
                  <foreach close=")" collection="criterion.value" item="listItem" open="(" separator=",">
                    #{listItem}
                  </foreach>
                </when>
              </choose>
            </foreach>
          </trim>
        </if>
      </foreach>
    </where>
  </sql>
  <sql id="Update_By_Example_Where_Clause">
    <where>
      <foreach collection="example.oredCriteria" item="criteria" separator="or">
        <if test="criteria.valid">
          <trim prefix="(" prefixOverrides="and" suffix=")">
            <foreach collection="criteria.criteria" item="criterion">
              <choose>
                <when test="criterion.noValue">
                  and ${criterion.condition}
                </when>
                <when test="criterion.singleValue">
                  and ${criterion.condition} #{criterion.value}
                </when>
                <when test="criterion.betweenValue">
                  and ${criterion.condition} #{criterion.value} and #{criterion.secondValue}
                </when>
                <when test="criterion.listValue">
                  and ${criterion.condition}
                  <foreach close=")" collection="criterion.value" item="listItem" open="(" separator=",">
                    #{listItem}
                  </foreach>
                </when>
              </choose>
            </foreach>
          </trim>
        </if>
      </foreach>
    </where>
  </sql>
  <sql id="Base_Column_List">
    ID, LOGIN_ID, PASSWORD, NAME, Sex, CELLPHONE, HEAD_IMG, REGISTER_TIME, EMAIL, STATUS, 
    LAST_LOGIN_TIME, REGION_ID
  </sql>
  <select id="selectByExample" parameterType="com.xinda.cn.model.xinda.EUserExample" resultMap="BaseResultMap">
    select
    <if test="distinct">
      distinct
    </if>
    <include refid="Base_Column_List" />
    from e_user
    <if test="_parameter != null">
      <include refid="Example_Where_Clause" />
    </if>
    <if test="orderByClause != null">
      order by ${orderByClause}
    </if>
  </select>
  <select id="selectByPrimaryKey" parameterType="java.lang.String" resultMap="BaseResultMap">
    select 
    <include refid="Base_Column_List" />
    from e_user
    where ID = #{id,jdbcType=VARCHAR}
  </select>
  <delete id="deleteByPrimaryKey" parameterType="java.lang.String">
    delete from e_user
    where ID = #{id,jdbcType=VARCHAR}
  </delete>
  <delete id="deleteByExample" parameterType="com.xinda.cn.model.xinda.EUserExample">
    delete from e_user
    <if test="_parameter != null">
      <include refid="Example_Where_Clause" />
    </if>
  </delete>
  <insert id="insert" parameterType="com.xinda.cn.model.xinda.EUser">
    insert into e_user (ID, LOGIN_ID, PASSWORD, 
      NAME, Sex, CELLPHONE, 
      HEAD_IMG, REGISTER_TIME, EMAIL, 
      STATUS, LAST_LOGIN_TIME, REGION_ID
      )
    values (#{id,jdbcType=VARCHAR}, #{loginId,jdbcType=VARCHAR}, #{password,jdbcType=VARCHAR}, 
      #{name,jdbcType=VARCHAR}, #{sex,jdbcType=INTEGER}, #{cellphone,jdbcType=VARCHAR}, 
      #{headImg,jdbcType=VARCHAR}, #{registerTime,jdbcType=DATE}, #{email,jdbcType=VARCHAR}, 
      #{status,jdbcType=INTEGER}, #{lastLoginTime,jdbcType=DATE}, #{regionId,jdbcType=VARCHAR}
      )
  </insert>
  <insert id="insertSelective" parameterType="com.xinda.cn.model.xinda.EUser">
    insert into e_user
    <trim prefix="(" suffix=")" suffixOverrides=",">
      <if test="id != null">
        ID,
      </if>
      <if test="loginId != null">
        LOGIN_ID,
      </if>
      <if test="password != null">
        PASSWORD,
      </if>
      <if test="name != null">
        NAME,
      </if>
      <if test="sex != null">
        Sex,
      </if>
      <if test="cellphone != null">
        CELLPHONE,
      </if>
      <if test="headImg != null">
        HEAD_IMG,
      </if>
      <if test="registerTime != null">
        REGISTER_TIME,
      </if>
      <if test="email != null">
        EMAIL,
      </if>
      <if test="status != null">
        STATUS,
      </if>
      <if test="lastLoginTime != null">
        LAST_LOGIN_TIME,
      </if>
      <if test="regionId != null">
        REGION_ID,
      </if>
    </trim>
    <trim prefix="values (" suffix=")" suffixOverrides=",">
      <if test="id != null">
        #{id,jdbcType=VARCHAR},
      </if>
      <if test="loginId != null">
        #{loginId,jdbcType=VARCHAR},
      </if>
      <if test="password != null">
        #{password,jdbcType=VARCHAR},
      </if>
      <if test="name != null">
        #{name,jdbcType=VARCHAR},
      </if>
      <if test="sex != null">
        #{sex,jdbcType=INTEGER},
      </if>
      <if test="cellphone != null">
        #{cellphone,jdbcType=VARCHAR},
      </if>
      <if test="headImg != null">
        #{headImg,jdbcType=VARCHAR},
      </if>
      <if test="registerTime != null">
        #{registerTime,jdbcType=DATE},
      </if>
      <if test="email != null">
        #{email,jdbcType=VARCHAR},
      </if>
      <if test="status != null">
        #{status,jdbcType=INTEGER},
      </if>
      <if test="lastLoginTime != null">
        #{lastLoginTime,jdbcType=DATE},
      </if>
      <if test="regionId != null">
        #{regionId,jdbcType=VARCHAR},
      </if>
    </trim>
  </insert>
  <select id="countByExample" parameterType="com.xinda.cn.model.xinda.EUserExample" resultType="java.lang.Long">
    select count(*) from e_user
    <if test="_parameter != null">
      <include refid="Example_Where_Clause" />
    </if>
  </select>
  <update id="updateByExampleSelective" parameterType="map">
    update e_user
    <set>
      <if test="record.id != null">
        ID = #{record.id,jdbcType=VARCHAR},
      </if>
      <if test="record.loginId != null">
        LOGIN_ID = #{record.loginId,jdbcType=VARCHAR},
      </if>
      <if test="record.password != null">
        PASSWORD = #{record.password,jdbcType=VARCHAR},
      </if>
      <if test="record.name != null">
        NAME = #{record.name,jdbcType=VARCHAR},
      </if>
      <if test="record.sex != null">
        Sex = #{record.sex,jdbcType=INTEGER},
      </if>
      <if test="record.cellphone != null">
        CELLPHONE = #{record.cellphone,jdbcType=VARCHAR},
      </if>
      <if test="record.headImg != null">
        HEAD_IMG = #{record.headImg,jdbcType=VARCHAR},
      </if>
      <if test="record.registerTime != null">
        REGISTER_TIME = #{record.registerTime,jdbcType=DATE},
      </if>
      <if test="record.email != null">
        EMAIL = #{record.email,jdbcType=VARCHAR},
      </if>
      <if test="record.status != null">
        STATUS = #{record.status,jdbcType=INTEGER},
      </if>
      <if test="record.lastLoginTime != null">
        LAST_LOGIN_TIME = #{record.lastLoginTime,jdbcType=DATE},
      </if>
      <if test="record.regionId != null">
        REGION_ID = #{record.regionId,jdbcType=VARCHAR},
      </if>
    </set>
    <if test="_parameter != null">
      <include refid="Update_By_Example_Where_Clause" />
    </if>
  </update>
  <update id="updateByExample" parameterType="map">
    update e_user
    set ID = #{record.id,jdbcType=VARCHAR},
      LOGIN_ID = #{record.loginId,jdbcType=VARCHAR},
      PASSWORD = #{record.password,jdbcType=VARCHAR},
      NAME = #{record.name,jdbcType=VARCHAR},
      Sex = #{record.sex,jdbcType=INTEGER},
      CELLPHONE = #{record.cellphone,jdbcType=VARCHAR},
      HEAD_IMG = #{record.headImg,jdbcType=VARCHAR},
      REGISTER_TIME = #{record.registerTime,jdbcType=DATE},
      EMAIL = #{record.email,jdbcType=VARCHAR},
      STATUS = #{record.status,jdbcType=INTEGER},
      LAST_LOGIN_TIME = #{record.lastLoginTime,jdbcType=DATE},
      REGION_ID = #{record.regionId,jdbcType=VARCHAR}
    <if test="_parameter != null">
      <include refid="Update_By_Example_Where_Clause" />
    </if>
  </update>
  <update id="updateByPrimaryKeySelective" parameterType="com.xinda.cn.model.xinda.EUser">
    update e_user
    <set>
      <if test="loginId != null">
        LOGIN_ID = #{loginId,jdbcType=VARCHAR},
      </if>
      <if test="password != null">
        PASSWORD = #{password,jdbcType=VARCHAR},
      </if>
      <if test="name != null">
        NAME = #{name,jdbcType=VARCHAR},
      </if>
      <if test="sex != null">
        Sex = #{sex,jdbcType=INTEGER},
      </if>
      <if test="cellphone != null">
        CELLPHONE = #{cellphone,jdbcType=VARCHAR},
      </if>
      <if test="headImg != null">
        HEAD_IMG = #{headImg,jdbcType=VARCHAR},
      </if>
      <if test="registerTime != null">
        REGISTER_TIME = #{registerTime,jdbcType=DATE},
      </if>
      <if test="email != null">
        EMAIL = #{email,jdbcType=VARCHAR},
      </if>
      <if test="status != null">
        STATUS = #{status,jdbcType=INTEGER},
      </if>
      <if test="lastLoginTime != null">
        LAST_LOGIN_TIME = #{lastLoginTime,jdbcType=DATE},
      </if>
      <if test="regionId != null">
        REGION_ID = #{regionId,jdbcType=VARCHAR},
      </if>
    </set>
    where ID = #{id,jdbcType=VARCHAR}
  </update>
  <update id="updateByPrimaryKey" parameterType="com.xinda.cn.model.xinda.EUser">
    update e_user
    set LOGIN_ID = #{loginId,jdbcType=VARCHAR},
      PASSWORD = #{password,jdbcType=VARCHAR},
      NAME = #{name,jdbcType=VARCHAR},
      Sex = #{sex,jdbcType=INTEGER},
      CELLPHONE = #{cellphone,jdbcType=VARCHAR},
      HEAD_IMG = #{headImg,jdbcType=VARCHAR},
      REGISTER_TIME = #{registerTime,jdbcType=DATE},
      EMAIL = #{email,jdbcType=VARCHAR},
      STATUS = #{status,jdbcType=INTEGER},
      LAST_LOGIN_TIME = #{lastLoginTime,jdbcType=DATE},
      REGION_ID = #{regionId,jdbcType=VARCHAR}
    where ID = #{id,jdbcType=VARCHAR}
  </update>
</mapper>